arm,seed,fold,acc,mf1,kappa,auc,ap
A_features,1,0,0.7236067059356592,0.6647829718624025,0.6176592509874947,0.6966627629289652,0.27587195630478323
A_features,1,1,0.7042107446587845,0.6473045411694237,0.5904070806963015,0.7265075925901153,0.2984343047995368
A_features,1,2,0.7178,0.6330939437741083,0.5988161408350393,0.6253459474141688,0.1747822594357058
A_features,1,3,0.6927067123145555,0.6099044002118917,0.5740674116027862,0.7920160791286844,0.34510078511764103
A_features,1,4,0.7371744277821626,0.6435395752560307,0.6249837829954368,0.750345223812501,0.38680127628744065
A_features,1,5,0.729059172247228,0.6486764081478933,0.6032310505026366,0.6953977262811368,0.29832974058186157
A_features,1,6,0.727253446447508,0.6533681606574162,0.6132768800197435,0.7696243872769608,0.5660760403317335
A_features,1,7,0.7619895404473128,0.6858376583556798,0.6698015139336075,0.6797201558936865,0.3000662762086165
A_features,1,8,0.7047793742993987,0.6438456285207674,0.5986848055667051,0.6411394728894826,0.23914830628444136
A_features,1,9,0.7392939463787456,0.6771470294860054,0.6317995701080532,0.6644137359059952,0.3461846247952929
A_features,42,0,0.7398051653828727,0.6793195581208751,0.6293919330509234,0.7083720032862021,0.30383703997915573
A_features,42,1,0.7078406969508401,0.6554915808940549,0.600258328221924,0.7176419094240071,0.3111257902278912
A_features,42,2,0.7256,0.6403504532889238,0.6096866110644572,0.628608330543351,0.17915745516015652
A_features,42,3,0.7207179167963482,0.6373518756203891,0.6098131844535108,0.8152874015844326,0.3926655831732231
A_features,42,4,0.7401059871462398,0.6486989183587437,0.6267646732071102,0.7461159082332133,0.3853365195972134
A_features,42,5,0.7464046547370732,0.6626172854470709,0.6260356101822552,0.6722562944279467,0.27443402520991755
A_features,42,6,0.7201484623541887,0.6651577334112468,0.6118775488706845,0.7603003470671295,0.537021786683568
A_features,42,7,0.7564259485924113,0.6534077945517854,0.6556266172690992,0.7224493938688261,0.3421357998246626
A_features,42,8,0.7069193926424131,0.6388662074544694,0.592976683655472,0.683265892905711,0.24251764643865614
A_features,42,9,0.7306805774596628,0.6816449228719044,0.6186071990911662,0.6370662853146757,0.3161578488905825
A_features,7,0,0.7147711826008156,0.6721191846076622,0.5998717078285117,0.6795349288188463,0.26956289030729774
A_features,7,1,0.7071147064924289,0.642438002079326,0.5929395779982569,0.699838374312618,0.26046055226123394
A_features,7,2,0.7249,0.6329554084871336,0.608397166184812,0.6463022596024921,0.1793236102523887
A_features,7,3,0.7251789604730782,0.6254739769451422,0.6065188273949582,0.811978266027154,0.37299327835382656
A_features,7,4,0.7473221332731987,0.6623298925225528,0.6430439605715678,0.7576118217610978,0.44254453928066195
A_features,7,5,0.7357558458667253,0.6436662593701473,0.6092994597801347,0.6680026931177614,0.2960273132429319
A_features,7,6,0.727253446447508,0.6633058049932294,0.6152051307167175,0.7449213821173984,0.5069691164590577
A_features,7,7,0.751863803271392,0.6761463580602408,0.6517017907013305,0.6801525543628701,0.2984747405137329
A_features,7,8,0.7197595027004994,0.6623369066968573,0.6152029797419589,0.7276015753985214,0.31514860713452747
A_features,7,9,0.7390513162683489,0.657358561310652,0.618839647915328,0.6614229045448751,0.33825632592545407
B_frozen,1,0,0.7266651563207974,0.6972684943347938,0.6290503746681134,0.6640456584423169,0.2428406767182343
B_frozen,1,1,0.7207010993569799,0.6725352643494553,0.6131862579712284,0.6843016375496458,0.2593307352770199
B_frozen,1,2,0.7306,0.6413645145493481,0.6181384410591156,0.6553863046253667,0.1867244282025629
B_frozen,1,3,0.6874157070235501,0.620363544227823,0.5685924320456707,0.8007587690441307,0.349310075543918
B_frozen,1,4,0.6998534220317961,0.6414815111249137,0.5811200472140579,0.7126988177112377,0.33104940758484647
B_frozen,1,5,0.7395981995828301,0.665187115807863,0.6278683729793477,0.6982716558540867,0.33374429686754165
B_frozen,1,6,0.7193001060445388,0.6709356067203015,0.6072845993579855,0.7647321029761374,0.5633729908036128
B_frozen,1,7,0.7497496383665294,0.6692907607396666,0.6457417260039875,0.7036956645913064,0.3326673078160182
B_frozen,1,8,0.7125242025884031,0.6526201536912365,0.6039386074412056,0.7026453792976697,0.26892741173463464
B_frozen,1,9,0.7331068785636298,0.6590297921893651,0.619858668993025,0.6351596545440139,0.34579217425264014
B_frozen,42,0,0.700385138196647,0.6859512964697709,0.5930566971820495,0.6694919692918243,0.274457330531559
B_frozen,42,1,0.7232939224227338,0.6707438922626413,0.6118782838053305,0.7006225174941125,0.3270456738656138
B_frozen,42,2,0.7023,0.6211476719680207,0.5820645053182397,0.6257318243009113,0.16580549627647168
B_frozen,42,3,0.6910467890860048,0.6137177906602933,0.5698887986859742,0.8186299232242396,0.3764912867288975
B_frozen,42,4,0.7288307588228662,0.6314902446996437,0.60847277022052,0.7007713884992987,0.370534663908273
B_frozen,42,5,0.7293885168514656,0.6469712538210605,0.6082642742735669,0.6821225938067477,0.26329528958704684
B_frozen,42,6,0.7136797454931071,0.6628151414038033,0.6067656631008025,0.763313517751357,0.546811364232017
B_frozen,42,7,0.7575386669633916,0.6750229454080903,0.6579765503843205,0.7416948385480973,0.3607329729998263
B_frozen,42,8,0.7269948028125955,0.6678497115406782,0.6217844264081642,0.7191378582663502,0.29269162638460844
B_frozen,42,9,0.7214606332645881,0.6392890452617346,0.6038004735278528,0.6465174932738051,0.3247183684092815
B_frozen,7,0,0.7129587675577708,0.6956348829017668,0.6107460234070032,0.6490306364664075,0.23971910764712662
B_frozen,7,1,0.7120929267786766,0.6724307603085334,0.601647707564188,0.7154382055041347,0.32672805175288333
B_frozen,7,2,0.7074,0.6078921878994554,0.5854688205967424,0.6453048268983554,0.16523094004353767
B_frozen,7,3,0.6654217242452537,0.5902902163514402,0.536286023047017,0.8070319283458847,0.37930287221864123
B_frozen,7,4,0.7112414026384034,0.6396406783441382,0.5961831352091791,0.7069422148622541,0.33104205014391164
B_frozen,7,5,0.7172027664946756,0.6331882465192045,0.5810194959949363,0.7009076872346035,0.27951739383202795
B_frozen,7,6,0.717391304347826,0.6680362888592132,0.6112590469152994,0.7647421863229151,0.5636493577223566
B_frozen,7,7,0.7641037053521753,0.6915471707562058,0.6647836312060441,0.6989168728113151,0.3193618853316554
B_frozen,7,8,0.7234281055742382,0.6601514128370065,0.6157807663263385,0.720181021167927,0.28940525475438705
B_frozen,7,9,0.7451170690282664,0.6823050912981591,0.6331100801126626,0.6413780259264236,0.32571658087390176
D_random,1,0,0.682487539646579,0.6043754725617161,0.5430923455597804,0.6868260541102827,0.293092269918201
D_random,1,1,0.6851275668948351,0.6406763616404074,0.5640517167045456,0.7173458214575077,0.2898381443092135
D_random,1,2,0.7106,0.632088709461088,0.5889097918931818,0.6695477175319742,0.2062121670828061
D_random,1,3,0.6677041186845109,0.5953232169775473,0.5400066063011061,0.8300247277138727,0.40406499228276477
D_random,1,4,0.7049272747773142,0.6234356806389139,0.583326038750928,0.7403099072306054,0.4005194899470637
D_random,1,5,0.7253266000658689,0.63557094986518,0.5952165229434578,0.6802625330554486,0.2711823948085437
D_random,1,6,0.6770943796394485,0.5901023170170463,0.5503739176081599,0.7658918545224727,0.5624893309906401
D_random,1,7,0.7658840547457438,0.6753036587456727,0.663399072225198,0.7142722691143323,0.32558625721493584
D_random,1,8,0.6972383572811577,0.6530059697347823,0.5872256415550854,0.7033291888461488,0.23713896742561302
D_random,1,9,0.6783937886691739,0.6082406493509913,0.5337500670233694,0.6630544589245666,0.34495091155529706
D_random,42,0,0.7128454916175804,0.6822155050438349,0.6034878360186238,0.640045858478872,0.2455583434484952
D_random,42,1,0.674652561709189,0.6424863660032045,0.5547971413243553,0.6821366593796364,0.27197101700477183
D_random,42,2,0.7037,0.5997103394341223,0.5727915971293556,0.6463740294389788,0.1798570447772593
D_random,42,3,0.708994708994709,0.5959091261370102,0.5841718752465563,0.8183208879475019,0.38083148568674774
D_random,42,4,0.6893674596910587,0.5920774123180763,0.5535844640250933,0.7039535420785527,0.3579262762740636
D_random,42,5,0.7211549017455264,0.6187737827290756,0.5902217827991219,0.6677493636912246,0.2560692867049841
D_random,42,6,0.6787910922587487,0.6247436185268057,0.5585852837818142,0.7452679103572137,0.540237851353366
D_random,42,7,0.762879715144097,0.6674494240541298,0.660936624016504,0.7305023485111449,0.35844699245941
D_random,42,8,0.6774686640171201,0.6013352063291901,0.5624957247109397,0.6832091529025903,0.24075224163148873
D_random,42,9,0.703748635205629,0.6042692754978026,0.5663161213995636,0.649602973649852,0.32924938961950634
D_random,7,0,0.6952877208880833,0.6702377711303054,0.5805736231468667,0.6470235142575858,0.23504935062898452
D_random,7,1,0.687720389960589,0.6417776939177297,0.5669584902587124,0.6956261715178371,0.2768398428619958
D_random,7,2,0.6953,0.6091080944121693,0.5682229736808309,0.6769981466579883,0.20197975443816624
D_random,7,3,0.6751737732129889,0.5748537198524335,0.5362462400701495,0.8142482750524026,0.3661244419785347
D_random,7,4,0.6982748900665239,0.6097018418748024,0.570974072915147,0.7155257777252065,0.3786145837505013
D_random,7,5,0.7209353386760347,0.6472859971941016,0.5968021494526027,0.681007503437583,0.2717787529142348
D_random,7,6,0.6796394485683988,0.6145949889320783,0.5580609600650137,0.7531561153192647,0.5377005872910705
D_random,7,7,0.744519862022922,0.6560900265487246,0.6379554632002353,0.7294814381939533,0.3540516929177919
D_random,7,8,0.6771629471109752,0.6087862731597495,0.5467492594810504,0.6443041157265815,0.22093338138146568
D_random,7,9,0.6808200897731409,0.5883181991505975,0.5419371176993588,0.6546588157074305,0.3369357456443484
